document_id,source_path,category,source_count,render_policy_expected,rendered_count,coverage_status,sensitivity_risk
DOC-001,C:\Users\User\Desktop\180 deliverables\1600453661152_SCEF Strategic Plan 2020_2025_Final (1).pdf,reference/source,26,1,1,complete,medium
DOC-002,C:\Users\User\Desktop\180 deliverables\180 DC - iGiver Pitch Deliverable 2.pptx,consulting deliverable,23,23,23,complete,medium
DOC-003,C:\Users\User\Desktop\180 deliverables\180 DC - iGiver Presentation.pptx,consulting deliverable,30,30,30,complete,medium
DOC-004,C:\Users\User\Desktop\180 deliverables\180 Report GoodHout.pdf,consulting deliverable,57,57,57,complete,medium
DOC-005,C:\Users\User\Desktop\180 deliverables\180 Tomatoworld Last Deliverable.pdf,consulting deliverable,28,28,28,complete,high
DOC-006,C:\Users\User\Desktop\180 deliverables\180 X Liveshow Deliverable 1 Report.docx.pdf,consulting deliverable,20,20,20,complete,medium
DOC-007,C:\Users\User\Desktop\180 deliverables\180_DC_OAF_Final_Report_Detail.pdf,consulting deliverable,79,79,79,complete,high
DOC-008,C:\Users\User\Desktop\180 deliverables\180_WayForward.pdf,consulting deliverable,6,6,6,complete,medium
DOC-009,C:\Users\User\Desktop\180 deliverables\180DC Deliverable 1.pptx,consulting deliverable,17,17,17,complete,high
DOC-010,C:\Users\User\Desktop\180 deliverables\180DC Deliverable 2 Final.pptx,consulting deliverable,34,34,34,complete,high
DOC-011,C:\Users\User\Desktop\180 deliverables\180DC Deliverable 2.pptx,consulting deliverable,13,13,13,complete,high
DOC-012,C:\Users\User\Desktop\180 deliverables\180DC Project Tracker — Complete File Library.pdf,contract/agreement,36,1,1,complete,high
DOC-013,C:\Users\User\Desktop\180 deliverables\180DC x BCI Final Report 25_26.pdf,consulting deliverable,31,31,31,complete,medium
DOC-014,C:\Users\User\Desktop\180 deliverables\180DC x Circular IQ - Deliverable 1 Deck.pptx,consulting deliverable,141,141,141,complete,medium
DOC-015,C:\Users\User\Desktop\180 deliverables\180DC x Kevlinx Full Project.pdf,consulting deliverable,145,145,145,complete,high
DOC-016,C:\Users\User\Desktop\180 deliverables\180DC-BoB slide deck.pptx (1).pdf,consulting deliverable,14,14,14,complete,high
DOC-017,C:\Users\User\Desktop\180 deliverables\180DC-MAWG-Deliverable1 incl TSOTC Research.pdf,consulting deliverable,27,27,27,complete,high
DOC-018,C:\Users\User\Desktop\180 deliverables\180DC-Project_Proposal_Brand-Development (1).pdf,proposal/brief,3,1,1,complete,high
DOC-019,C:\Users\User\Desktop\180 deliverables\180DC-Project_Proposal_Brand-Development.pdf,proposal/brief,3,1,1,complete,high
DOC-020,C:\Users\User\Desktop\180 deliverables\180DC_2nd Deliverable (3).pdf,consulting deliverable,32,32,32,complete,high
DOC-021,C:\Users\User\Desktop\180 deliverables\180DC_3rd Deliverable (1).pdf,consulting deliverable,22,22,22,complete,medium
DOC-022,C:\Users\User\Desktop\180 deliverables\180DC_MAWG_Deliverable2_Final.pptx.pdf,consulting deliverable,35,35,35,complete,high
DOC-023,C:\Users\User\Desktop\180 deliverables\180DC_MAWG_Deliverable3_Final.pptx,consulting deliverable,77,77,77,complete,high
DOC-024,C:\Users\User\Desktop\180 deliverables\180DC_OAF_Deliverable1.pdf,consulting deliverable,28,28,28,complete,medium
DOC-025,C:\Users\User\Desktop\180 deliverables\180DC_OAF_Deliverable2.pdf,consulting deliverable,36,36,36,complete,high
DOC-026,C:\Users\User\Desktop\180 deliverables\180DC_OAF_Deliverable3.pdf,consulting deliverable,23,23,23,complete,high
DOC-027,C:\Users\User\Desktop\180 deliverables\180DC_PLAEX_Presentation_Deliverable1.pdf,consulting deliverable,29,29,29,complete,high
DOC-028,C:\Users\User\Desktop\180 deliverables\180DC_PLAEX_Presentation_Deliverable2and3.pdf,unclear/review,33,1,1,complete,low/unknown
DOC-029,C:\Users\User\Desktop\180 deliverables\180DC_PLAEX_Report.pdf,consulting deliverable,45,45,45,complete,medium
DOC-030,C:\Users\User\Desktop\180 deliverables\180DC_SCC - Final Report.pdf,consulting deliverable,22,22,22,complete,medium
DOC-031,C:\Users\User\Desktop\180 deliverables\180DC_X_Share-Deliverable1.pdf,consulting deliverable,43,43,43,complete,high
DOC-032,C:\Users\User\Desktop\180 deliverables\180DCXShare-Third_Deliverable.pdf,consulting deliverable,40,40,40,complete,high
DOC-033,C:\Users\User\Desktop\180 deliverables\180DCXShare_Deliverable_2.pdf,consulting deliverable,45,45,45,complete,high
DOC-034,C:\Users\User\Desktop\180 deliverables\180DCXV_L-Online_Brand_Development.pdf,unclear/review,32,1,1,complete,medium
DOC-035,C:\Users\User\Desktop\180 deliverables\180DCXV_L-Third_Deliverable.pptx,consulting deliverable,44,44,44,complete,medium
DOC-036,C:\Users\User\Desktop\180 deliverables\1st Deliverable - FlexSea (2).pdf,consulting deliverable,31,31,31,complete,medium
DOC-037,C:\Users\User\Desktop\180 deliverables\1st Deliverable_EcoCity.pptx,consulting deliverable,17,17,17,complete,high
DOC-038,C:\Users\User\Desktop\180 deliverables\1st Deliverable_Internal & External Analysis_180DC (2).pdf,unclear/review,16,1,1,complete,low/unknown
DOC-039,C:\Users\User\Desktop\180 deliverables\1st_deliverable.pptx,consulting deliverable,27,27,27,complete,medium
DOC-040,C:\Users\User\Desktop\180 deliverables\20220218_Final_Presentation_Usiko.pdf,consulting deliverable,41,41,41,complete,medium
DOC-041,C:\Users\User\Desktop\180 deliverables\202407_Stir It Up X 180 DC_Final Report_vF.pdf,unclear/review,26,1,26,complete,low/unknown
DOC-042,C:\Users\User\Desktop\180 deliverables\202407_Stir It Up X 180DC_ppt.pdf,consulting deliverable,96,96,96,complete,medium
DOC-043,C:\Users\User\Desktop\180 deliverables\23plusone Project Brief - Members.pdf,proposal/brief,4,1,1,complete,medium
DOC-044,C:\Users\User\Desktop\180 deliverables\23plusone_x_180DC_Service_Agreement.pdf,contract/agreement,10,1,1,complete,high
DOC-045,C:\Users\User\Desktop\180 deliverables\2nd Deliverable1_Ecocity.pptx,consulting deliverable,19,19,19,complete,high
DOC-046,C:\Users\User\Desktop\180 deliverables\3_Final_Report.pdf,consulting deliverable,33,33,33,complete,medium
DOC-047,C:\Users\User\Desktop\180 deliverables\3_Third_Deliverable_Presentation.pdf,unclear/review,31,1,1,complete,medium
DOC-048,C:\Users\User\Desktop\180 deliverables\3rd Real third deliverable (2).pptx,consulting deliverable,47,47,47,complete,high
DOC-049,C:\Users\User\Desktop\180 deliverables\3rd_Deliverable_BCP_180DC.pptx,consulting deliverable,35,35,35,complete,high
DOC-050,C:\Users\User\Desktop\180 deliverables\8Energies Project Brief.pdf,proposal/brief,5,1,1,complete,medium
DOC-051,C:\Users\User\Desktop\180 deliverables\_180 DC - iGiver Pitch Deliverable 3.pptx,consulting deliverable,18,18,18,complete,medium
DOC-052,C:\Users\User\Desktop\180 deliverables\Asili Eco all deliverables.pdf,consulting deliverable,47,47,47,complete,high
DOC-053,C:\Users\User\Desktop\180 deliverables\BCI Project - Deliverable 1.pdf,consulting deliverable,27,27,27,complete,medium
DOC-054,C:\Users\User\Desktop\180 deliverables\BCI Project - Deliverable 2.pdf,consulting deliverable,45,45,45,complete,medium
DOC-055,C:\Users\User\Desktop\180 deliverables\BCI Project - Deliverable 3 (1).pdf,consulting deliverable,29,29,29,complete,medium
DOC-056,C:\Users\User\Desktop\180 deliverables\BCI Project - Deliverable 4.pdf,consulting deliverable,25,25,25,complete,medium
DOC-057,C:\Users\User\Desktop\180 deliverables\BCI_Deliverable1.pdf,consulting deliverable,34,34,34,complete,high
DOC-058,C:\Users\User\Desktop\180 deliverables\BCP Problem Analysis.pdf,consulting deliverable,26,26,26,complete,medium
DOC-059,C:\Users\User\Desktop\180 deliverables\BetterFutureFactory_180DC_Project_Proposal (1).pdf,proposal/brief,4,1,1,complete,medium
DOC-060,C:\Users\User\Desktop\180 deliverables\BetterFutureFactory_180DC_Project_Proposal.pdf,proposal/brief,4,1,1,complete,medium
DOC-061,C:\Users\User\Desktop\180 deliverables\BlueBlocks Deliverable 2.pptx.pdf,consulting deliverable,24,24,24,complete,medium
DOC-062,C:\Users\User\Desktop\180 deliverables\BlueBlocks Deliverable 3 with speaker notes.pdf,consulting deliverable,15,15,15,complete,medium
DOC-063,C:\Users\User\Desktop\180 deliverables\BlueBlocks Deliverable 3.pdf,consulting deliverable,15,15,15,complete,medium
DOC-064,C:\Users\User\Desktop\180 deliverables\BlueBlocks impact deliverable 1 (1).pdf,consulting deliverable,31,31,31,complete,high
DOC-065,C:\Users\User\Desktop\180 deliverables\contract signed (1).pdf,contract/agreement,8,1,1,complete,high
DOC-066,C:\Users\User\Desktop\180 deliverables\Contract Signed-Vet_Lazy.pdf,contract/agreement,8,1,1,complete,high
DOC-067,C:\Users\User\Desktop\180 deliverables\Contract Signed.pdf,contract/agreement,8,1,1,complete,high
DOC-068,C:\Users\User\Desktop\180 deliverables\Copy of REPORTPJ.pdf,consulting deliverable,50,50,50,complete,medium
DOC-069,C:\Users\User\Desktop\180 deliverables\Datasheet UPower 800W (1kVA)-4000W (5kVA)_FR.pdf,reference/source,5,1,1,complete,medium
DOC-070,C:\Users\User\Desktop\180 deliverables\Deliverable 1 (1).pdf,consulting deliverable,23,23,23,complete,high
DOC-071,C:\Users\User\Desktop\180 deliverables\Deliverable 1 (2).pdf,consulting deliverable,36,36,36,complete,medium
DOC-072,C:\Users\User\Desktop\180 deliverables\Deliverable 1 - 180 X Liveshow.pptx,consulting deliverable,22,22,22,complete,high
DOC-073,C:\Users\User\Desktop\180 deliverables\Deliverable 1 - 180DC x 8Energies.pdf,consulting deliverable,25,25,25,complete,high
DOC-074,C:\Users\User\Desktop\180 deliverables\Deliverable 1 - Business Plan YW Kitchener-Waterloo Final.pdf,consulting deliverable,57,57,57,complete,high
DOC-075,C:\Users\User\Desktop\180 deliverables\Deliverable 1 - TGT02.pdf,consulting deliverable,20,20,20,complete,high
DOC-076,C:\Users\User\Desktop\180 deliverables\Deliverable 1 BFFx180DC.pptx,proposal/brief,27,27,27,complete,medium
DOC-077,C:\Users\User\Desktop\180 deliverables\Deliverable 1 M.pdf,consulting deliverable,63,63,63,complete,medium
DOC-078,C:\Users\User\Desktop\180 deliverables\Deliverable 1 PP.pptx,consulting deliverable,116,116,116,complete,high
DOC-079,C:\Users\User\Desktop\180 deliverables\Deliverable 1 Presentation.pdf,reference/source,23,1,1,complete,medium
DOC-080,C:\Users\User\Desktop\180 deliverables\Deliverable 1 Presentation.pptx.pdf,consulting deliverable,23,23,23,complete,medium
DOC-081,C:\Users\User\Desktop\180 deliverables\Deliverable 1 Slides.pdf,consulting deliverable,74,74,74,complete,high
DOC-082,C:\Users\User\Desktop\180 deliverables\deliverable 1 SM.pptx,consulting deliverable,27,27,27,complete,high
DOC-083,C:\Users\User\Desktop\180 deliverables\Deliverable 1&2 - Saaras Foundation.pdf,consulting deliverable,48,48,48,complete,high
DOC-084,C:\Users\User\Desktop\180 deliverables\Deliverable 1-EfR.pdf,consulting deliverable,24,24,24,complete,medium
DOC-085,C:\Users\User\Desktop\180 deliverables\Deliverable 1.pdf,consulting deliverable,39,39,39,complete,medium
DOC-086,C:\Users\User\Desktop\180 deliverables\Deliverable 1_ JoyBugs.pdf,consulting deliverable,33,33,33,complete,medium
DOC-087,C:\Users\User\Desktop\180 deliverables\Deliverable 2 (1).pdf,consulting deliverable,49,49,49,complete,medium
DOC-088,C:\Users\User\Desktop\180 deliverables\Deliverable 2 (2).pdf,consulting deliverable,8,8,8,complete,medium
DOC-089,C:\Users\User\Desktop\180 deliverables\Deliverable 2 (3).pdf,consulting deliverable,59,59,59,complete,medium
DOC-090,C:\Users\User\Desktop\180 deliverables\Deliverable 2 - Slide Deck.pptx,consulting deliverable,24,24,24,complete,high
DOC-091,C:\Users\User\Desktop\180 deliverables\Deliverable 2 - TGT02 (1).pdf,consulting deliverable,71,71,71,complete,high
DOC-092,C:\Users\User\Desktop\180 deliverables\Deliverable 2 180DC X TLS.pptx,consulting deliverable,17,17,17,complete,medium
DOC-093,C:\Users\User\Desktop\180 deliverables\Deliverable 2 M.pdf,consulting deliverable,89,89,89,complete,high
DOC-094,C:\Users\User\Desktop\180 deliverables\Deliverable 2 Presentation (1).pptx,consulting deliverable,30,30,30,complete,high
DOC-095,C:\Users\User\Desktop\180 deliverables\Deliverable 2 Presentation.pdf,consulting deliverable,24,24,24,complete,medium
DOC-096,C:\Users\User\Desktop\180 deliverables\Deliverable 2 Presentation.pptx.pdf,consulting deliverable,52,52,52,complete,high
DOC-097,"C:\Users\User\Desktop\180 deliverables\Deliverable 2&3 - Funding & Marketing, Fearlessly YOU YWKW.pdf",consulting deliverable,71,71,71,complete,medium
DOC-098,C:\Users\User\Desktop\180 deliverables\Deliverable 2.pdf,consulting deliverable,25,25,25,complete,high
DOC-099,C:\Users\User\Desktop\180 deliverables\Deliverable 2_final GoodHout.pptx,consulting deliverable,30,30,30,complete,medium
DOC-100,C:\Users\User\Desktop\180 deliverables\Deliverable 3  BFFx180DC.pdf,consulting deliverable,42,42,42,complete,high
DOC-101,C:\Users\User\Desktop\180 deliverables\Deliverable 3 (1).pdf,consulting deliverable,49,49,49,complete,high
DOC-102,C:\Users\User\Desktop\180 deliverables\Deliverable 3 - Final PPT.pptx,consulting deliverable,72,72,72,complete,high
DOC-103,C:\Users\User\Desktop\180 deliverables\Deliverable 3 - TGT02.pdf,consulting deliverable,40,40,40,complete,high
DOC-104,C:\Users\User\Desktop\180 deliverables\Deliverable 3 180DC X TLS (1).pptx,consulting deliverable,26,26,26,complete,medium
DOC-105,C:\Users\User\Desktop\180 deliverables\Deliverable 3 Presentation.pdf,consulting deliverable,26,26,26,complete,medium
DOC-106,C:\Users\User\Desktop\180 deliverables\Deliverable 3.pdf,consulting deliverable,33,33,33,complete,high
DOC-107,C:\Users\User\Desktop\180 deliverables\Deliverable 3.pptx,consulting deliverable,61,61,61,complete,high
DOC-108,C:\Users\User\Desktop\180 deliverables\Deliverable 3_Feedback.pptx,consulting deliverable,60,60,60,complete,medium
DOC-109,C:\Users\User\Desktop\180 deliverables\Deliverable1-180DC_X_Vet_Lazy.pdf,consulting deliverable,31,31,31,complete,medium
DOC-110,C:\Users\User\Desktop\180 deliverables\Deliverable1-SlimBox_180DC.pptx,consulting deliverable,30,30,30,complete,medium
DOC-111,C:\Users\User\Desktop\180 deliverables\Deliverable1.pptx,consulting deliverable,22,22,22,complete,medium
DOC-112,C:\Users\User\Desktop\180 deliverables\Deliverable2 (1).pdf,unclear/review,28,1,1,complete,medium
DOC-113,C:\Users\User\Desktop\180 deliverables\Deliverable2-BFFx180DC.pptx,consulting deliverable,27,27,4,partial,high
DOC-114,C:\Users\User\Desktop\180 deliverables\Deliverable2-SlimBox.pptx,consulting deliverable,25,25,1,partial,medium
DOC-115,C:\Users\User\Desktop\180 deliverables\Deliverable2.pdf,unclear/review,28,1,1,complete,medium
DOC-116,C:\Users\User\Desktop\180 deliverables\Deliverable2.pptx,proposal/brief,26,26,1,partial,medium
DOC-117,C:\Users\User\Desktop\180 deliverables\Deliverable21.pptx,proposal/brief,33,33,1,partial,medium
DOC-118,C:\Users\User\Desktop\180 deliverables\Deliverable_1_Market_Competitor_Analysis_JEDI_network_presentation-3.pdf,consulting deliverable,18,18,18,complete,medium
DOC-119,C:\Users\User\Desktop\180 deliverables\Deliverable_1_Market_Competitor_Analysis_JEDI_network_report-3.pdf,consulting deliverable,28,28,28,complete,medium
DOC-120,C:\Users\User\Desktop\180 deliverables\Delivery 1 Y_s Men International_updated.pptx,proposal/brief,35,35,1,partial,high
DOC-121,C:\Users\User\Desktop\180 deliverables\Delivery 2 Y_s Men International.pptx,consulting deliverable,42,42,1,partial,high
DOC-122,C:\Users\User\Desktop\180 deliverables\distributionTGT (2).pdf,unclear/review,41,1,1,complete,low/unknown
DOC-123,C:\Users\User\Desktop\180 deliverables\distributionTGT.pdf,unclear/review,41,1,1,complete,low/unknown
DOC-124,C:\Users\User\Desktop\180 deliverables\Eco-Logic Full Project.pdf,consulting deliverable,71,71,71,complete,high
DOC-125,C:\Users\User\Desktop\180 deliverables\Eco-Logic Thailand Project Brief.pdf,proposal/brief,3,1,1,complete,medium
DOC-126,C:\Users\User\Desktop\180 deliverables\Eco-Logic x 180DC Service Agreement copy.pdf,contract/agreement,10,1,1,complete,high
DOC-127,C:\Users\User\Desktop\180 deliverables\Ecocity 2021.pptx,unclear/review,15,15,1,partial,medium
DOC-128,C:\Users\User\Desktop\180 deliverables\EGF - Final Report.pdf,consulting deliverable,40,40,40,complete,medium
DOC-129,C:\Users\User\Desktop\180 deliverables\EGF Deliverable 1.pdf,consulting deliverable,15,15,15,complete,high
DOC-130,C:\Users\User\Desktop\180 deliverables\EGF Deliverable 2 - Final.pdf,consulting deliverable,13,13,13,complete,medium
DOC-131,C:\Users\User\Desktop\180 deliverables\EGF Deliverable 3.pdf,consulting deliverable,21,21,21,complete,medium
DOC-132,C:\Users\User\Desktop\180 deliverables\EXTENTED Final Delivery Y_s Men International.pptx,consulting deliverable,61,61,1,partial,high
DOC-133,C:\Users\User\Desktop\180 deliverables\Final Market Analysis 2.pptx,consulting deliverable,71,71,1,partial,high
DOC-134,C:\Users\User\Desktop\180 deliverables\FINAL PRESENTATION (2).pptx,proposal/brief,61,61,1,partial,medium
DOC-135,C:\Users\User\Desktop\180 deliverables\Final Presentation.pptx,consulting deliverable,36,36,1,partial,medium
DOC-136,C:\Users\User\Desktop\180 deliverables\Final Report.pdf,consulting deliverable,40,40,40,complete,medium
DOC-137,C:\Users\User\Desktop\180 deliverables\Final_delivarable_2.pdf,consulting deliverable,29,29,29,complete,high
DOC-138,C:\Users\User\Desktop\180 deliverables\FinalReport_HartigeSamaritaan_180DC.pdf,consulting deliverable,101,101,101,complete,medium
DOC-139,C:\Users\User\Desktop\180 deliverables\First Deliverable.pdf,consulting deliverable,22,22,22,complete,medium
DOC-140,C:\Users\User\Desktop\180 deliverables\FlexSea - 3rd Deliverable.pdf,consulting deliverable,47,47,47,complete,medium
DOC-141,C:\Users\User\Desktop\180 deliverables\Fundraising Slide Deck.pdf,consulting deliverable,66,66,66,complete,medium
DOC-142,C:\Users\User\Desktop\180 deliverables\GoodHout_Problem_and_Context.pptx,proposal/brief,14,14,1,partial,high
DOC-143,C:\Users\User\Desktop\180 deliverables\GRF Deliverable 1 - Construction.pdf,consulting deliverable,36,36,36,complete,high
DOC-144,C:\Users\User\Desktop\180 deliverables\Headhunter x 180DC - Deliverable 1-3 Deck.pdf,proposal/brief,85,1,1,complete,medium
DOC-145,C:\Users\User\Desktop\180 deliverables\Indication prix----TK2012023007A-2-BCI.pdf,reference/source,1,1,1,complete,high
DOC-146,C:\Users\User\Desktop\180 deliverables\JEDI_network_180DC_Deliverable_2_report.pdf,consulting deliverable,16,16,16,complete,medium
DOC-147,C:\Users\User\Desktop\180 deliverables\JKM455-475M-7RL3-V-A1-EN.pdf,unclear/review,2,1,1,complete,low/unknown
DOC-148,C:\Users\User\Desktop\180 deliverables\JoyBugs Deliverable 2 Final.pdf,consulting deliverable,25,25,25,complete,medium
DOC-149,C:\Users\User\Desktop\180 deliverables\JoyBugs Deliverable 3.pptx,consulting deliverable,26,26,26,complete,medium
DOC-150,C:\Users\User\Desktop\180 deliverables\Kevlinx Project Brief.pdf,proposal/brief,7,1,1,complete,high
DOC-151,C:\Users\User\Desktop\180 deliverables\Kevlinx x 180DC Service Agreement.pdf,contract/agreement,9,1,1,complete,high
DOC-152,C:\Users\User\Desktop\180 deliverables\MBTS all deliverables.pdf,unclear/review,201,1,1,complete,medium
DOC-153,C:\Users\User\Desktop\180 deliverables\Meterd - Deliverable 2.docx.pdf,consulting deliverable,24,24,24,complete,high
DOC-154,C:\Users\User\Desktop\180 deliverables\Meterd - Deliverable 2.pptx,consulting deliverable,18,18,1,partial,high
DOC-155,C:\Users\User\Desktop\180 deliverables\Metered - Deliverable 1 Report.docx.pdf,consulting deliverable,31,31,1,partial,medium
DOC-156,C:\Users\User\Desktop\180 deliverables\MOTG all deliverables.pptx.pdf,unclear/review,233,1,1,complete,medium
DOC-157,C:\Users\User\Desktop\180 deliverables\Newbees Deliv1.pdf,unclear/review,30,1,1,complete,medium
DOC-158,C:\Users\User\Desktop\180 deliverables\Pee Safe x 180 DC - Deliverable 1 report 3.pdf,consulting deliverable,53,53,1,partial,high
DOC-159,C:\Users\User\Desktop\180 deliverables\Pee Safe x 180 DC Deliverable 2 presentation.pptx,consulting deliverable,35,35,35,complete,medium
DOC-160,C:\Users\User\Desktop\180 deliverables\Pitch Deck for Appyad.pdf,consulting deliverable,16,16,1,partial,medium
DOC-161,C:\Users\User\Desktop\180 deliverables\Procurement Project Presentation.pdf,consulting deliverable,41,41,1,partial,medium
DOC-162,C:\Users\User\Desktop\180 deliverables\Procurement Project Report.pdf,consulting deliverable,22,22,1,partial,high
DOC-163,C:\Users\User\Desktop\180 deliverables\Project Brief - Stahili.pdf,proposal/brief,6,1,1,complete,high
DOC-164,C:\Users\User\Desktop\180 deliverables\Project definition for TOC.pdf,proposal/brief,3,1,1,complete,high
DOC-165,C:\Users\User\Desktop\180 deliverables\project_cece_contract-signedmmw-signedls.pdf,contract/agreement,8,1,1,complete,high
DOC-166,C:\Users\User\Desktop\180 deliverables\Project_Scope_YsMen2022.pdf,proposal/brief,5,1,1,complete,medium
DOC-167,C:\Users\User\Desktop\180 deliverables\Pyropower Project Proposal.pdf,proposal/brief,3,1,1,complete,high
DOC-168,C:\Users\User\Desktop\180 deliverables\Report about emissions calculator.pdf,consulting deliverable,24,24,1,partial,high
DOC-169,C:\Users\User\Desktop\180 deliverables\SCEF Deliverable 1_2023.pdf,consulting deliverable,32,32,1,partial,medium
DOC-170,C:\Users\User\Desktop\180 deliverables\SCEF Deliverable 2&3_June 2023.pdf,consulting deliverable,51,51,1,partial,medium
DOC-171,C:\Users\User\Desktop\180 deliverables\SCEF_Final_Report_vsent_final.pptx,reference/source,48,48,48,complete,medium
DOC-172,C:\Users\User\Desktop\180 deliverables\SCEF_Half Time Show.pptx,proposal/brief,4,4,1,partial,medium
DOC-173,C:\Users\User\Desktop\180 deliverables\Second deliverables presentation.pdf,proposal/brief,78,1,1,complete,high
DOC-174,C:\Users\User\Desktop\180 deliverables\Service Agreement 8Energies_signed (2).pdf,contract/agreement,9,1,1,complete,high
DOC-175,C:\Users\User\Desktop\180 deliverables\Slides 2nd Deliverable - FlexSea.pdf,consulting deliverable,39,39,1,partial,high
DOC-176,C:\Users\User\Desktop\180 deliverables\SlimBox-Deliverable3.pdf,consulting deliverable,26,26,1,partial,medium
DOC-177,C:\Users\User\Desktop\180 deliverables\Slimbox_180DC_Project_Proposal (1).pdf,proposal/brief,3,1,1,complete,medium
DOC-178,C:\Users\User\Desktop\180 deliverables\Slimbox_180DC_Project_Proposal.pdf,proposal/brief,3,1,1,complete,medium
DOC-179,C:\Users\User\Desktop\180 deliverables\Speìcifications du Produit_TKE.pdf,unclear/review,10,1,1,complete,medium
DOC-180,C:\Users\User\Desktop\180 deliverables\Stahili Deliverable 1.0 FINAL.pptx,consulting deliverable,33,33,1,partial,high
DOC-181,C:\Users\User\Desktop\180 deliverables\Stahili Deliverable 3.pptx,consulting deliverable,24,24,1,partial,high
DOC-182,C:\Users\User\Desktop\180 deliverables\Stahili Final Report.docx.pdf,consulting deliverable,55,55,1,partial,medium
DOC-183,C:\Users\User\Desktop\180 deliverables\Subul Impact Outsourcing Project Brief 2 (1).pdf,proposal/brief,3,1,1,complete,medium
DOC-184,C:\Users\User\Desktop\180 deliverables\Subul Impact Outsourcing Project Brief 2.pdf,proposal/brief,3,1,1,complete,medium
DOC-185,C:\Users\User\Desktop\180 deliverables\SUBUL_180DC Service Agreement.pdf,contract/agreement,10,1,1,complete,high
DOC-186,C:\Users\User\Desktop\180 deliverables\sunXellence_GELVRLA12-200_datasheet (002).pdf,unclear/review,2,1,1,complete,low/unknown
DOC-187,C:\Users\User\Desktop\180 deliverables\Tagging System.pdf,reference/source,10,1,1,complete,medium
DOC-188,C:\Users\User\Desktop\180 deliverables\The Good News Deliverable 1.pdf,consulting deliverable,44,44,1,partial,high
DOC-189,C:\Users\User\Desktop\180 deliverables\The Good News Deliverable 2.pdf,consulting deliverable,54,54,1,partial,high
DOC-190,C:\Users\User\Desktop\180 deliverables\The Good News Deliverable 3.pdf,consulting deliverable,28,28,1,partial,high
DOC-191,C:\Users\User\Desktop\180 deliverables\The Green Table 03 - 180dc (1).pdf,consulting deliverable,94,94,1,partial,high
DOC-192,C:\Users\User\Desktop\180 deliverables\The Green Table 03 - 180dc.pdf,consulting deliverable,94,94,1,partial,high
DOC-193,C:\Users\User\Desktop\180 deliverables\The Soul Park - Deliverable 1.docx.pdf,consulting deliverable,24,24,1,partial,medium
DOC-194,C:\Users\User\Desktop\180 deliverables\The Soul Park - Deliverable 2.docx.pdf,consulting deliverable,11,11,1,partial,medium
DOC-195,C:\Users\User\Desktop\180 deliverables\TheLiveShow Final Project Brief.pdf,proposal/brief,6,1,1,complete,medium
DOC-196,C:\Users\User\Desktop\180 deliverables\Type A Services Agreement - 180Degrees Consulting - Acceleration Bay LLC - Executed JW.pdf,contract/agreement,10,1,1,complete,high
DOC-197,C:\Users\User\Desktop\180 deliverables\Type A Services Agreement - 180Degrees Consulting Delft Rotterdam - Edge Video BV Executed JW.pdf,contract/agreement,10,1,1,complete,high
DOC-198,C:\Users\User\Desktop\180 deliverables\VBV x 180DC Final Deliverable.pdf,consulting deliverable,33,33,1,partial,high
DOC-199,C:\Users\User\Desktop\180 deliverables\Veirdi_contract (3) (1).pdf,contract/agreement,7,1,1,complete,high
DOC-200,C:\Users\User\Desktop\180 deliverables\Viva Independent - Deliverable 1.pptx,consulting deliverable,26,26,26,complete,medium
DOC-201,C:\Users\User\Desktop\180 deliverables\Y_s Men International Final Presentation.pdf,consulting deliverable,46,46,1,partial,medium
